composer	filename	Fbb	Cbb	Gbb	Dbb	Abb	Ebb	Bbb	Fb	Cb	Gb	Db	Ab	Eb	Bb	F	C	G	D	A	E	B	F#	C#	G#	D#	A#	E#	B#	F##	C##	G##	D##	A##	E##	B##
Bach	1032401-Prelude_No._4_BWV_873_in_C_Minor.mxl.csv	0	0	0	0	0	0	0	0	0	0	0	0	0	0	0	0	0	18	128	217	157	292	222	263	201	60	64	60	27	13	0	0	0	0	0
Bach	1040681-Fugue_No._4_BWV_873_in_C_Minor.mxl.csv	0	0	0	0	0	0	0	0	0	0	0	0	0	0	0	1	1	18	106	183	151	201	217	220	184	71	38	56	18	0	0	0	0	0	0
Bach	1066276-Prelude_No._5_BWV_874_in_D_Major.mxl.csv	0	0	0	0	0	0	0	0	0	0	0	0	0	5	14	23	151	231	265	243	206	215	170	58	15	22	4	0	0	0	0	0	0	0	0
Bach	1073231-Fugue_No._5_BWV_874_in_D_Major.mxl.csv	0	0	0	0	0	0	0	0	0	0	0	0	0	0	3	23	95	153	146	142	141	124	90	31	4	8	6	0	0	0	0	0	0	0	0
Bach	1098286-Prelude_No._6_BWV_875_in_D_Minor.mxl.csv	0	0	0	0	0	0	0	0	0	0	3	0	14	91	115	79	153	195	185	118	49	24	52	13	0	0	0	0	0	0	0	0	0	0	0
Bach	1107771-Fugue_No._6_BWV_875_in_D_Minor.mxl.csv	0	0	0	0	0	0	0	0	0	0	0	0	11	69	104	59	118	133	131	109	31	15	42	9	0	0	0	0	0	0	0	0	0	0	0
Bach	1133561-Prelude_No._7_BWV_876_in_E_Major.mxl.csv	0	0	0	0	0	0	0	1	1	4	21	95	146	161	108	105	129	111	36	5	10	9	3	0	0	0	0	0	0	0	0	0	0	0	0
Bach	1141201-Fugue_No._7_BWV_876_in_E_Major.mxl.csv	0	0	0	0	0	0	0	0	0	1	12	81	111	127	104	85	115	83	21	6	4	0	0	0	0	0	0	0	0	0	0	0	0	0	0
Bach	1169116-Prelude_No._8_BWV_877_in_D_Minor.mxl.csv	0	0	0	0	0	0	0	0	0	0	0	0	0	0	0	0	0	0	1	18	78	120	96	122	132	156	119	47	24	40	26	2	0	0	0
Bach	1177476-Fugue_No._8_BWV_877_in_D_Minor.mxl.csv	0	0	0	0	0	0	0	0	0	0	0	0	0	0	0	0	0	1	8	29	82	113	106	164	183	169	127	37	37	43	14	1	0	0	0
Bach	1207206-Prelude_No._9_BWV_878_in_E_Major.mxl.csv	0	0	0	0	0	0	0	0	0	0	0	0	0	0	0	6	4	12	100	178	141	140	125	133	114	31	7	25	3	0	0	0	0	0	0
Bach	1215101-Fugue_No._9_BWV_878_in_E_Major.mxl.csv	0	0	0	0	0	0	0	0	0	0	0	0	0	0	0	0	0	6	78	113	124	118	106	118	89	21	14	9	5	1	0	0	0	0	0
Bach	1251606-Prelude_No._10_BWV_879_in_E_Minor.mxl.csv	0	0	0	0	0	0	0	0	0	0	0	0	0	0	15	76	142	99	128	190	216	191	121	35	49	28	3	0	0	0	0	0	0	0	0
Bach	1260556-Fugue_No._10_BWV_879_in_E_Minor.mxl.csv	0	0	0	0	0	0	0	0	0	0	0	0	0	0	14	111	201	139	193	241	221	208	89	32	85	39	1	0	0	0	0	0	0	0	0
Bach	1293351-Prelude_No._11_BWV_880_in_F_Major.mxl.csv	0	0	0	0	0	0	0	0	0	0	1	10	24	115	219	186	191	209	207	174	72	17	33	17	1	0	0	0	0	0	0	0	0	0	0
Bach	1303106-Fugue_No._11_BWV_880_in_F_Major.mxl.csv	0	0	0	0	0	0	0	0	0	0	8	25	35	125	165	166	157	135	128	109	32	9	9	1	0	0	0	0	0	0	0	0	0	0	0
Bach	1340331-Prelude_No._12_BWV_881_in_F_Minor.mxl.csv	0	0	0	0	0	0	0	2	2	26	72	111	72	98	117	110	70	15	22	30	3	0	0	0	0	0	0	0	0	0	0	0	0	0	0
Bach	1350596-Fugue_No._12_BWV_881_in_F_Minor.mxl.csv	0	0	0	0	0	0	0	0	0	14	103	147	92	162	165	180	160	46	22	67	13	0	0	0	0	0	0	0	0	0	0	0	0	0	0
Bach	1392041-Prelude_No._13_BWV_882_in_F_Major.mxl.csv	0	0	0	0	0	0	0	0	0	0	0	0	0	0	0	0	0	0	12	12	106	220	234	187	220	209	180	67	18	37	20	0	0	0	0
Bach	1402696-Fugue_No._13_BWV_882_in_F_Major.mxl.csv	0	0	0	0	0	0	0	0	0	0	0	0	0	0	0	0	0	2	15	51	132	138	149	141	161	144	113	54	22	16	10	3	0	0	0
Bach	1444781-Prelude_No._14_BWV_883_in_F_Minor.mxl.csv	0	0	0	0	0	0	0	0	0	0	0	0	0	0	0	1	11	65	113	84	112	166	149	108	42	17	52	18	0	0	0	0	0	0	0
Bach	1456381-Fugue_No._14_BWV_883_in_F_Minor.mxl.csv	0	0	0	0	0	0	0	0	0	0	0	0	0	0	0	1	25	129	170	167	188	236	235	180	71	33	32	27	3	0	0	0	0	0	0
Bach	1497201-Prelude_No._15_BWV_884_in_G_Major.mxl.csv	0	0	0	0	0	0	0	0	0	0	0	0	0	2	8	78	157	147	148	106	115	95	30	3	16	1	0	0	0	0	0	0	0	0	0
Bach	1508786-Fugue_No._15_BWV_884_in_G_Major.mxl.csv	0	0	0	0	0	0	0	0	0	0	0	0	0	5	4	61	92	128	96	85	114	105	25	12	11	4	0	0	0	0	0	0	0	0	0
Bach	1550651-Prelude_No._16_BWV_885_in_G_Minor.mxl.csv	0	0	0	0	0	0	0	0	0	0	1	11	53	61	52	81	102	95	59	20	17	29	9	2	0	0	0	0	0	0	0	0	0	0	0
Bach	1559631-Fugue_No._16_BWV_885_in_G_Minor.mxl.csv	0	0	0	0	0	0	0	0	1	0	3	55	141	200	191	264	274	256	185	56	52	43	14	0	0	0	0	0	0	0	0	0	0	0	0
Bach	1593551-Prelude_No._17_BWV_886_in_A_Major.mxl.csv	0	0	0	0	0	1	5	8	13	66	186	249	212	240	236	221	157	65	23	38	2	0	0	0	0	0	0	0	0	0	0	0	0	0	0
Bach	1603931-Fugue_No._17_BWV_886_in_A_Major.mxl.csv	0	0	0	0	0	0	14	27	18	65	155	199	204	185	163	172	126	50	14	11	4	0	0	0	0	0	0	0	0	0	0	0	0	0	0
Bach	1647251-Prelude_No._18_BWV_887_in_G_Minor.mxl.csv	0	0	0	0	0	0	0	0	0	0	0	0	0	0	0	0	3	13	28	74	123	115	137	198	214	166	96	47	56	39	9	0	0	0	0
Bach	1659556-Fugue_No._18_BWV_887_in_G_Minor.mxl.csv	0	0	0	0	0	0	0	0	0	0	0	0	0	0	0	1	0	2	23	100	215	144	207	274	253	220	95	43	73	39	2	1	0	0	0
Bach	1704556-Prelude_No._19_BWV_888_in_A_Major.mxl.csv	0	0	0	0	0	0	0	0	0	0	0	0	0	0	3	2	32	92	132	117	91	103	106	68	12	10	9	1	0	0	0	0	0	0	0
Bach	1718101-Fugue_No._19_BWV_888_in_A_Major.mxl.csv	0	0	0	0	0	0	0	0	0	0	0	0	0	0	0	3	13	69	108	101	112	105	114	101	45	16	10	7	0	0	0	0	0	0	0
Bach	1762886-Prelude_No._20_BWV_889_in_A_Minor.mxl.csv	0	0	0	0	0	0	0	0	0	0	0	3	5	22	62	78	73	104	121	114	98	44	40	51	26	7	0	0	0	0	0	0	0	0	0
Bach	1777656-Fugue_No._20_BWV_889_in_A_Minor.mxl.csv	0	0	0	0	0	0	0	0	0	0	0	0	0	9	73	79	66	98	106	111	94	45	25	40	16	0	0	0	0	0	0	0	0	0	0
Bach	1822451-Prelude_No._21_BWV_890_in_B_Major.mxl.csv	0	0	0	0	0	0	0	0	1	13	20	54	175	260	259	277	237	231	204	62	38	26	1	0	0	0	0	0	0	0	0	0	0	0	0
Bach	1835741-Fugue_No._21_BWV_890_in_B_Major.mxl.csv	0	0	0	0	0	0	0	0	0	0	5	30	126	143	150	142	134	138	99	29	11	14	0	0	0	0	0	0	0	0	0	0	0	0	0
Bach	1880941-Prelude_No._22_BWV_891_in_B_Minor.mxl.csv	0	0	0	0	0	0	1	0	24	118	152	117	173	190	191	147	40	30	36	9	0	0	0	0	0	0	0	0	0	0	0	0	0	0	0
Bach	1892096-Fugue_No._22_BWV_891_in_B_Minor.mxl.csv	0	0	0	0	0	1	0	12	41	123	240	182	236	280	234	232	95	45	76	29	3	0	0	0	0	0	0	0	0	0	0	0	0	0	0
Bach	1938106-Prelude_No._23_BWV_892_in_B_Major.mxl.csv	0	0	0	0	0	0	0	0	0	0	0	0	0	0	0	0	0	14	16	90	149	162	152	124	159	115	55	13	8	6	2	0	0	0	0
Bach	1951591-Fugue_No._23_BWV_892_in_B_Major.mxl.csv	0	0	0	0	0	0	0	0	0	0	0	0	0	0	0	0	0	8	32	149	224	179	194	212	191	161	52	22	28	13	1	0	0	0	0
Bach	1994911-Prelude_No._24_BWV_893_in_B_Minor.mxl.csv	0	0	0	0	0	0	0	0	0	0	0	0	0	0	0	10	81	107	107	120	129	158	102	30	20	32	18	3	0	0	0	0	0	0	0
Bach	2007701-Fugue_No._24_BWV_893_in_B_Minor.mxl.csv	0	0	0	0	0	0	0	0	0	0	0	0	0	0	2	7	75	122	119	133	145	162	134	56	26	36	23	1	0	0	0	0	0	0	0
Bach	210606-Prelude_No._1_BWV_846_in_C_Major.mxl.csv	0	0	0	0	0	0	0	0	0	0	0	6	8	12	73	121	117	91	54	74	45	14	4	0	0	0	0	0	0	0	0	0	0	0	0
Bach	214901-Fugue_No._1_BWV_846_in_C_Major.mxl.csv	0	0	0	0	0	0	0	0	0	0	0	0	0	13	75	107	123	125	118	111	84	27	7	12	0	0	0	0	0	0	0	0	0	0	0
Bach	227966-Prelude_No._2_BWV_847_in_C_Minor.mxl.csv	0	0	0	0	0	0	0	0	0	0	1	85	163	43	162	195	153	145	42	41	71	24	0	0	0	0	0	0	0	0	0	0	0	0	0
Bach	231261-Fugue_No._2_BWV_847_in_C_Minor.mxl.csv	0	0	0	0	0	0	0	0	0	0	2	59	92	56	107	128	116	98	34	14	48	16	0	0	0	0	0	0	0	0	0	0	0	0	0
Bach	242986-Prelude_No._3_BWV_848_in_C_Major.mxl.csv	0	0	0	0	0	0	0	0	0	0	0	0	0	0	0	0	0	0	7	14	17	90	127	173	114	97	87	62	17	10	4	3	0	0	0
Bach	246301-Fugue_No._3_BWV_848_in_C_Major.mxl.csv	0	0	0	0	0	0	0	0	0	0	0	0	0	0	0	0	0	0	1	5	17	138	196	266	200	200	203	159	63	26	2	12	1	0	0
Bach	258631-Prelude_No._4_BWV_849_in_C_Minor.mxl.csv	0	0	0	0	0	0	0	0	0	0	0	0	0	0	0	0	0	10	81	97	67	97	127	143	121	48	7	60	23	0	0	0	0	0	0
Bach	261621-Fugue_No._4_BWV_849_in_C_Minor.mxl.csv	0	0	0	0	0	0	0	0	0	0	0	0	0	0	0	0	2	32	118	175	124	211	242	224	159	47	29	54	10	1	0	0	0	0	0
Bach	274576-Prelude_No._5_BWV_850_in_D_Major.mxl.csv	0	0	0	0	0	0	0	0	0	0	0	0	0	6	23	22	73	108	100	98	90	92	64	34	11	5	3	0	0	0	0	0	0	0	0
Bach	278266-Fugue_No._5_BWV_850_in_D_Major.mxl.csv	0	0	0	0	0	0	0	0	0	0	0	0	0	0	0	19	110	131	119	113	107	110	89	8	3	1	0	0	0	0	0	0	0	0	0
Bach	294636-Prelude_No._6_BWV_851_in_D_Minor.mxl.csv	0	0	0	0	0	0	0	0	0	0	0	0	16	86	90	60	105	147	104	80	19	27	43	17	1	0	0	0	0	0	0	0	0	0	0
Bach	298826-Fugue_No._6_BWV_851_in_D_Minor.mxl.csv	0	0	0	0	0	0	0	0	0	0	0	0	13	54	96	58	139	154	158	134	53	32	60	17	1	0	0	0	0	0	0	0	0	0	0
Bach	316381-Prelude_No._7_BWV_852_in_E_Major.mxl.csv	0	0	0	0	0	0	0	0	2	3	48	172	233	222	207	208	205	165	45	12	16	4	0	0	0	0	0	0	0	0	0	0	0	0	0
Bach	321601-Fugue_No._7_BWV_852_in_E_Major.mxl.csv	0	0	0	0	0	0	0	0	1	1	15	106	131	119	137	130	138	127	26	13	21	3	0	0	0	0	0	0	0	0	0	0	0	0	0
Bach	340831-Prelude_No._8_BWV_853_in_E_Minor.mxl.csv	0	0	0	0	0	0	2	19	103	87	72	122	140	162	103	24	29	41	15	0	0	0	0	0	0	0	0	0	0	0	0	0	0	0	0
Bach	346361-Fugue_No._8_BWV_853_in_D_Minor.mxl.csv	0	0	0	0	0	0	0	0	0	0	0	0	0	0	0	0	0	0	0	32	128	186	138	219	249	220	177	40	34	64	8	0	0	0	0
Bach	366016-Prelude_No._9_BWV_854_in_E_Major.mxl.csv	0	0	0	0	0	0	0	0	0	0	0	0	0	0	0	3	10	26	67	71	82	63	55	65	40	15	10	1	0	0	0	0	0	0	0
Bach	371591-Fugue_No._9_BWV_854_in_E_Major.mxl.csv	0	0	0	0	0	0	0	0	0	0	0	0	0	0	0	0	0	12	91	116	116	96	101	108	92	18	1	10	1	0	0	0	0	0	0
Bach	393031-Prelude_No._10_BWV_855_in_E_Minor.mxl.csv	0	0	0	0	0	0	0	0	0	0	0	0	0	0	24	148	160	87	225	164	208	130	16	35	45	3	0	0	0	0	0	0	0	0	0
Bach	399466-Fugue_No._10_BWV_855_in_E_Minor.mxl.csv	0	0	0	0	0	0	0	0	0	0	0	0	1	11	30	61	88	101	110	124	106	74	47	31	26	13	2	0	0	0	0	0	0	0	0
Bach	420466-Prelude_No._11_BWV_856_in_F_Major.mxl.csv	0	0	0	0	0	0	0	0	0	0	0	0	27	128	114	137	94	105	106	82	45	28	45	16	0	0	0	0	0	0	0	0	0	0	0
Bach	426326-Fugue_No._11_BWV_856_in_F_Major.mxl.csv	0	0	0	0	0	0	0	0	0	0	0	0	9	92	116	110	109	88	116	100	29	9	16	0	0	0	0	0	0	0	0	0	0	0	0
Bach	449286-Prelude_No._12_BWV_857_in_F_Minor.mxl.csv	0	0	0	0	0	0	0	0	0	7	53	66	34	84	110	119	80	18	14	39	18	1	0	0	0	0	0	0	0	0	0	0	0	0	0
Bach	456166-Fugue_No._12_BWV_857_in_F_Minor.mxl.csv	0	0	0	0	0	0	0	0	1	12	86	159	142	161	204	227	182	101	46	55	43	4	0	0	0	0	0	0	0	0	0	0	0	0	0
Bach	480961-Prelude_No._13_BWV_858_in_F_Major.mxl.csv	0	0	0	0	0	0	0	0	0	0	0	0	0	0	0	0	0	3	2	3	46	59	66	65	48	68	63	17	8	5	9	0	0	0	0
Bach	488026-Fugue_No._13_BWV_858_in_F_Major.mxl.csv	0	0	0	0	0	0	0	0	0	0	0	0	0	0	0	0	0	0	0	12	94	156	140	151	126	140	94	26	2	10	2	0	0	0	0
Bach	511226-Prelude_No._14_BWV_859_in_F_Minor.mxl.csv	0	0	0	0	0	0	0	0	0	0	0	0	0	0	0	0	0	45	95	50	87	96	108	87	25	5	18	9	0	0	0	0	0	0	0
Bach	516711-Fugue_No._14_BWV_859_in_F_Minor.mxl.csv	0	0	0	0	0	0	0	0	0	0	0	0	0	0	0	0	8	50	112	86	110	146	136	131	60	33	43	17	2	0	0	0	0	0	0
Bach	535841-Prelude_No._15_BWV_860_in_G_Major.mxl.csv	0	0	0	0	0	0	0	0	0	0	0	0	0	0	9	49	80	101	90	81	60	66	42	15	17	0	0	0	0	0	0	0	0	0	0
Bach	541256-Fugue_No._15_BWV_860_in_G_Major.mxl.csv	0	0	0	0	0	0	0	0	0	0	0	0	1	2	16	151	285	271	234	264	236	222	96	15	16	20	0	0	0	0	0	0	0	0	0
Bach	564461-Prelude_No._16_BWV_861_in_G_Minor.mxl.csv	0	0	0	0	0	0	0	0	0	0	0	17	62	113	38	163	155	117	116	14	19	23	5	0	0	0	0	0	0	0	0	0	0	0	0
Bach	571476-Fugue_No._16_BWV_861_in_G_Minor.mxl.csv	0	0	0	0	0	0	0	0	0	0	0	15	78	96	69	97	134	126	90	28	14	30	7	0	0	0	0	0	0	0	0	0	0	0	0
Bach	598056-Prelude_No._17_BWV_862_in_A_Major.mxl.csv	0	0	0	0	0	0	0	0	0	5	64	125	125	103	80	79	87	27	0	0	0	0	0	0	0	0	0	0	0	0	0	0	0	0	0
Bach	609331-Fugue_No._17_BWV_862_in_A_Major.mxl.csv	0	0	0	0	0	0	0	0	0	18	105	137	137	127	141	122	101	20	9	14	1	0	0	0	0	0	0	0	0	0	0	0	0	0	0
Bach	635216-Prelude_No._18_BWV_863_in_G_Minor.mxl.csv	0	0	0	0	0	0	0	0	0	0	0	0	0	0	0	0	0	1	9	62	72	65	90	89	81	74	29	12	19	8	0	0	0	0	0
Bach	641766-Fugue_No._18_BWV_863_in_G_Minor.mxl.csv	0	0	0	0	0	0	0	0	0	0	0	0	0	0	0	0	0	0	10	65	80	88	99	131	143	105	36	30	35	17	7	1	0	0	0
Bach	667506-Prelude_No._19_BWV_864_in_A_Major.mxl.csv	0	0	0	0	0	0	0	0	0	0	0	0	0	0	0	0	18	69	104	88	82	97	82	72	18	2	8	1	0	0	0	0	0	0	0
Bach	674796-Fugue_No._19_BWV_864_in_A_Major.mxl.csv	0	0	0	0	0	0	0	0	0	0	0	0	0	0	0	0	30	153	196	177	179	188	177	136	34	13	17	0	0	0	0	0	0	0	0
Bach	700231-Prelude_No._20_BWV_865_in_A_Minor.mxl.csv	0	0	0	0	0	0	0	0	0	0	0	0	1	13	62	77	63	73	110	98	57	31	20	31	11	1	0	0	0	0	0	0	0	0	0
Bach	707191-Fugue_No._20_BWV_865_in_A_Minor.mxl.csv	0	0	0	0	0	0	0	0	0	0	0	0	5	57	232	298	278	358	379	398	287	96	72	63	25	0	0	0	0	0	0	0	0	0	0
Bach	734101-Prelude_No._21_BWV_866_in_B_Major.mxl.csv	0	0	0	0	0	0	0	0	2	3	3	11	41	91	127	83	66	101	76	23	9	1	1	0	0	0	0	0	0	0	0	0	0	0	0
Bach	742556-Fugue_No._21_BWV_866_in_B_Major.mxl.csv	0	0	0	0	0	0	0	0	0	0	0	17	107	144	128	149	121	140	106	22	12	20	2	0	0	0	0	0	0	0	0	0	0	0	0
Bach	770566-Prelude_No._22_BWV_867_in_B_Minor.mxl.csv	0	0	0	0	0	0	0	0	1	63	93	40	95	154	135	112	34	12	54	14	0	0	0	0	0	0	0	0	0	0	0	0	0	0	0
Bach	778221-Fugue_No._22_BWV_867_in_B_Minor.mxl.csv	0	0	0	0	0	0	0	8	14	78	99	76	129	132	126	87	21	21	32	4	0	0	0	0	0	0	0	0	0	0	0	0	0	0	0
Bach	824336-Prelude_No._23_BWV_868_in_B_Major.mxl.csv	0	0	0	0	0	0	0	0	0	0	0	0	0	0	0	0	0	4	13	45	71	50	59	66	58	55	8	0	11	0	0	0	0	0	0
Bach	832636-Fugue_No._23_BWV_868_in_B_Major.mxl.csv	0	0	0	0	0	0	0	0	0	0	0	0	0	0	0	0	0	1	21	99	136	135	143	115	135	90	23	8	2	0	0	0	0	0	0
Bach	861731-Prelude_No._24_BWV_869_in_B_Minor.mxl.csv	0	0	0	0	0	0	0	0	0	0	0	0	0	3	0	6	80	98	92	102	122	130	99	30	13	28	13	0	0	0	0	0	0	0	0
Bach	869596-Fugue_No._24_BWV_869_in_B_Minor.mxl.csv	0	0	0	0	0	0	0	0	0	0	0	0	1	2	12	43	137	212	198	219	306	301	223	118	60	77	52	12	1	0	0	0	0	0	0
Bach	897876-Prelude_No._1_BWV_870_in_C_Major.mxl.csv	0	0	0	0	0	0	0	0	0	0	1	4	13	54	116	117	150	159	142	126	49	27	26	10	0	0	0	0	0	0	0	0	0	0	0
Bach	905966-Fugue_No._1_BWV_870_in_C_Major.mxl.csv	0	0	0	0	0	0	0	0	0	0	0	3	0	11	148	180	168	162	111	161	105	30	5	13	0	0	0	0	0	0	0	0	0	0	0
Bach	936016-Prelude_No._2_BWV_871_in_C_Minor.mxl.csv	0	0	0	0	0	0	0	0	0	1	18	81	99	73	112	103	107	70	10	19	21	1	0	0	0	0	0	0	0	0	0	0	0	0	0
Bach	943546-Fugue_No._2_BWV_871_in_C_Minor.mxl.csv	0	0	0	0	0	0	0	0	0	1	11	51	80	55	84	139	110	76	29	17	41	10	0	0	0	0	0	0	0	0	0	0	0	0	0
Bach	971581-Prelude_No._3_BWV_872_in_C_Major.mxl.csv	0	0	0	0	0	0	0	0	0	0	0	0	0	0	0	0	0	0	0	5	32	85	137	160	146	97	107	72	26	14	8	0	0	0	0
Bach	978656-Fugue_No._3_BWV_872_in_C_Major.mxl.csv	0	0	0	0	0	0	0	0	0	0	0	0	0	0	0	0	0	0	1	10	14	124	146	130	127	94	128	73	13	9	5	0	0	0	0
Beethoven	105462-Sonate_No._15_Pastoral_1st_Movement.mxl.csv	0	0	0	0	0	0	0	0	0	0	0	0	9	15	25	64	289	823	593	436	366	607	496	223	44	150	79	10	0	0	0	0	0	0	0
Beethoven	105510-Sonate_No._15_Pastoral_2nd_Movement.mxl.csv	0	0	0	0	0	0	0	0	0	0	0	0	1	75	147	73	166	316	444	227	75	56	139	72	19	1	0	3	0	0	0	0	0	0	0
Beethoven	105526-Sonate_No._15_Pastoral_3rd_Movement.mxl.csv	0	0	0	0	0	0	0	0	0	0	0	0	0	1	0	7	43	123	71	80	71	99	52	9	5	16	3	2	0	0	0	0	0	0	0
Beethoven	105675-Sonate_No._15_Pastoral_4th_Movement.mxl.csv	0	0	0	0	0	0	0	0	0	0	0	0	9	16	41	64	274	581	568	316	206	294	277	76	21	13	10	9	0	0	0	0	0	0	0
Beethoven	107515-Sonate_No._22_1st_Movement.mxl.csv	0	0	0	0	0	0	0	0	0	6	113	76	108	351	541	466	360	302	311	300	106	11	70	19	1	0	0	0	0	0	0	0	0	0	0
Beethoven	108154-Sonate_No._22_2nd_Movement.mxl.csv	0	0	0	0	0	3	22	8	19	49	113	133	110	197	402	389	297	194	228	210	96	37	45	28	17	3	2	0	0	0	0	0	0	0	0
Beethoven	108296-Sonate_No._24_A_Therese_1st_Movement.mxl.csv	0	0	0	0	0	0	0	0	0	0	0	0	0	0	0	0	6	38	34	87	270	386	371	296	228	212	163	58	35	18	8	0	0	0	0
Beethoven	108535-Sonate_No._24_A_Therese_2nd_Movement.mxl.csv	0	0	0	0	0	0	0	0	0	0	0	0	0	0	23	33	6	48	91	61	198	334	290	157	161	197	131	36	24	12	4	10	0	0	0
Beethoven	111229-Sonate_No._4_1st_Movement.mxl.csv	0	0	0	0	0	0	0	12	38	39	84	330	687	661	569	385	469	450	234	145	95	62	40	7	1	0	0	0	0	0	0	0	0	0	0
Beethoven	111409-Sonate_No._4_2nd_Movement.mxl.csv	0	0	0	0	0	0	0	0	2	15	37	93	50	48	133	234	283	205	117	123	91	57	29	2	0	2	0	0	0	0	0	0	0	0	0
Beethoven	111534-Sonate_No._4_3rd_Movement.mxl.csv	0	0	0	0	0	0	0	11	75	115	68	141	304	335	202	57	81	107	22	15	4	2	0	0	0	0	0	0	0	0	0	0	0	0	0
Beethoven	113152-Sonate_No._4_4th_Movement.mxl.csv	0	0	0	0	0	0	0	1	2	1	18	303	553	766	469	399	496	325	107	82	146	39	24	7	10	2	0	1	0	0	0	0	0	0	0
Beethoven	115534-Sonate_No._6_1st_Movement.mxl.csv	0	0	0	0	0	0	0	0	0	0	30	51	57	198	380	496	381	301	303	241	140	82	47	17	8	0	0	0	0	0	0	0	0	0	0
Beethoven	115654-Sonate_No._6_2nd_Movement.mxl.csv	0	0	0	0	0	0	7	0	15	54	168	190	118	141	206	196	107	12	26	77	8	0	0	0	0	0	0	0	0	0	0	0	0	0	0
Beethoven	115762-Sonate_No._6_3rd_Movement.mxl.csv	0	0	0	0	0	0	0	0	0	7	73	49	69	194	277	327	216	182	239	153	51	36	32	12	6	0	0	0	0	0	0	0	0	0	0
Beethoven	116320-Sonate_No._7_1st_Movement.mxl.csv	0	0	0	0	0	0	0	0	0	0	0	31	41	193	106	77	337	654	535	404	311	347	346	126	54	42	19	9	1	0	0	0	0	0	0
Beethoven	116472-Sonate_No._7_2nd_Movement.mxl.csv	0	0	0	0	0	0	0	0	0	23	0	8	72	218	252	149	195	342	269	246	81	44	112	67	25	0	0	0	0	0	0	0	0	0	0
Beethoven	116566-Sonate_No._7_3rd_Movement.mxl.csv	0	0	0	0	0	0	0	0	0	0	0	0	0	3	1	24	107	116	149	79	117	75	41	8	19	6	1	0	0	0	1	0	0	0	0
Beethoven	116653-Sonate_No._7_4th_Movement.mxl.csv	0	0	0	0	0	0	0	0	0	7	16	30	51	135	83	49	282	418	276	172	186	198	205	67	16	52	9	2	0	0	0	0	0	0	0
Beethoven	117888-Sonate_No._9_1st_Movement.mxl.csv	0	0	0	0	0	0	0	0	0	0	0	0	0	0	51	105	85	57	252	542	597	287	153	240	225	90	25	18	7	3	0	0	0	0	0
Beethoven	117910-Sonate_No._9_2nd_Movement.mxl.csv	0	0	0	0	0	0	0	0	0	0	0	0	0	0	37	105	99	52	62	186	119	38	5	16	56	11	0	0	0	0	0	0	0	0	0
Beethoven	117979-Sonate_No._9_3rd_Movement.mxl.csv	0	0	0	0	0	0	0	0	0	0	0	0	0	2	20	81	90	100	273	282	336	207	96	144	146	37	8	3	3	0	1	0	0	0	0
Beethoven	118150-Sonate_No._10_1st_Movement.mxl.csv	0	0	0	0	0	0	0	0	0	0	1	31	93	114	98	258	403	552	349	214	242	225	104	42	21	19	6	0	0	0	0	0	0	0	0
Beethoven	118255-Sonate_No._10_2nd_Movement.mxl.csv	0	0	0	0	0	0	0	0	0	0	0	7	4	35	190	245	342	202	118	163	133	28	35	7	4	3	0	0	0	0	0	0	0	0	0
Beethoven	118404-Sonate_No._10_3rd_Movement.mxl.csv	0	0	0	0	0	0	0	0	0	0	0	8	3	18	72	282	394	356	237	201	227	140	43	18	21	12	0	0	0	0	0	0	0	0	0
Beethoven	119092-Sonate_No._11_1st_Movement.mxl.csv	0	0	0	0	0	0	0	2	6	35	111	61	284	657	650	463	339	474	422	217	63	46	42	16	4	5	4	0	0	0	0	0	0	0	0
Beethoven	119209-Sonate_No._11_2nd_Movement.mxl.csv	0	0	0	0	0	0	0	7	35	51	35	213	402	453	237	148	308	188	67	33	38	16	16	0	0	0	0	0	0	0	0	0	0	0	0
Beethoven	119240-Sonate_No._11_3rd_Movement.mxl.csv	0	0	0	0	0	0	0	0	8	4	0	18	70	112	85	70	96	135	86	14	10	30	23	1	0	0	0	0	0	0	0	0	0	0	0
Beethoven	119520-Sonate_No._11_4th_Movement.mxl.csv	0	0	0	0	0	0	0	1	11	68	94	128	361	664	866	455	271	399	337	95	80	29	42	14	0	0	0	0	0	0	0	0	0	0	0
Beethoven	119615-Sonate_No._26_Les_Adieux_1st_Movement.mxl.csv	0	0	0	0	0	0	0	6	58	58	44	229	388	582	381	323	301	223	103	30	33	15	2	0	0	0	0	0	0	0	0	0	0	0	0
Beethoven	119644-Sonate_No._26_Les_Adieux_2nd_Movement.mxl.csv	0	0	0	0	0	0	0	0	0	5	32	56	44	67	92	135	136	98	86	56	40	45	7	0	0	0	0	0	0	0	0	0	0	0	0
Beethoven	119818-Sonate_No._26_Les_Adieux_3rd_Movement.mxl.csv	0	0	0	0	0	0	0	0	45	95	74	253	590	770	489	328	550	346	114	68	42	90	21	32	20	7	0	3	0	0	0	0	0	0	0
Beethoven	119853-Sonate_No._28_1st_Movement.mxl.csv	0	0	0	0	0	0	0	0	0	0	0	0	0	4	26	8	20	98	238	323	255	153	177	180	73	20	12	18	3	0	0	0	0	0	0
Beethoven	119945-Sonate_No._28_2nd_Movement.mxl.csv	0	0	0	0	0	0	0	0	0	18	42	38	66	180	284	334	228	109	176	122	36	20	12	7	1	0	0	0	0	0	0	0	0	0	0
Beethoven	119962-Sonate_No._28_3rd_Movement.mxl.csv	0	0	0	0	0	0	0	0	0	0	0	2	0	6	29	54	59	57	66	137	65	38	21	40	30	4	0	0	3	0	0	0	0	0	0
Beethoven	120123-Sonate_No._28_4th_Movement.mxl.csv	0	0	0	0	0	0	0	0	0	0	0	1	1	40	127	204	199	402	750	828	547	328	329	365	67	2	1	0	0	0	0	0	0	0	0
Beethoven	121565-Sonate_No._18_The_Hunt_1st_Movement.mxl.csv	0	0	0	0	0	0	0	3	23	52	50	305	528	404	510	493	362	290	155	77	53	27	6	0	0	0	0	0	0	0	0	0	0	0	0
Beethoven	121789-Sonate_No._18_The_Hunt_2nd_Movement.mxl.csv	0	0	0	0	0	0	0	18	31	28	194	283	352	271	208	343	291	92	59	75	38	4	2	0	2	1	0	0	0	0	0	0	0	0	0
Beethoven	121828-Sonate_No._18_The_Hunt_3rd_Movement.mxl.csv	0	0	0	0	0	0	0	4	25	2	2	86	195	206	90	35	106	72	7	0	3	5	0	0	0	0	0	0	0	0	0	0	0	0	0
Beethoven	122031-Sonate_No._18_The_Hunt_4th_Movement.mxl.csv	0	0	0	0	0	0	0	7	96	145	156	367	483	419	335	254	244	225	80	31	39	37	23	0	0	4	0	0	0	0	0	0	0	0	0
Beethoven	122578-Sonate_No._13_1st_Movement.mxl.csv	0	0	0	0	0	0	0	0	0	0	2	137	212	283	244	144	234	250	43	70	78	3	8	3	0	0	0	0	0	0	0	0	0	0	0
Beethoven	122684-Sonate_No._13_2nd_Movement.mxl.csv	0	0	0	0	0	0	0	0	0	14	46	87	143	90	61	205	164	80	38	25	34	12	0	0	0	0	0	0	0	0	0	0	0	0	0
Beethoven	122744-Sonate_No._13_3rd_Movement.mxl.csv	0	0	0	0	0	0	0	0	0	4	59	228	140	92	66	91	100	31	13	7	15	0	1	0	0	0	0	0	0	0	0	0	0	0	0
Beethoven	123269-Sonate_No._13_4th_Movement.mxl.csv	0	0	0	0	0	0	0	3	55	128	109	398	582	963	612	280	355	387	107	91	40	12	0	1	0	0	0	0	0	0	0	0	0	0	0
Beethoven	123601-Sonate_No._29_Hammerklavier_1st_Movement.mxl.csv	0	0	0	0	0	20	0	27	99	203	146	208	551	920	830	685	696	909	433	235	289	187	86	30	28	40	4	0	0	2	0	0	0	0	0
Beethoven	123723-Sonate_No._29_Hammerklavier_2nd_Movement.mxl.csv	0	0	0	0	0	0	0	0	0	10	204	60	127	286	464	224	150	156	131	28	156	26	0	0	0	8	0	0	0	0	0	0	0	0	0
Beethoven	123918-Sonate_No._29_Hammerklavier_3rd_Movement.mxl.csv	0	0	0	0	0	0	0	0	5	1	8	13	37	49	26	36	299	493	533	260	593	860	885	442	197	228	298	122	13	2	0	2	0	0	0
Beethoven	126256-Sonate_No._29_Hammerklavier_4th_Movement.mxl.csv	0	0	0	0	0	0	1	6	70	215	297	364	698	956	868	869	815	842	847	598	460	365	284	103	97	98	10	7	4	1	0	0	0	0	0
Beethoven	127468-Sonate_No._31_1st_Movement.mxl.csv	0	0	0	0	0	0	0	3	8	35	225	475	561	316	253	371	280	80	69	77	107	36	23	44	18	7	2	6	0	0	0	0	0	0	0
Beethoven	128407-Sonate_No._31_2nd_Movement.mxl.csv	0	0	0	0	0	0	0	0	10	32	73	137	59	89	149	172	114	38	10	65	30	0	0	0	0	0	0	0	0	0	0	0	0	0	0
Beethoven	130035-Sonate_No._31_3rd_Movement.mxl.csv	0	0	0	0	0	0	3	76	135	108	295	488	595	483	314	384	466	346	167	43	90	62	13	3	3	0	0	0	0	0	0	0	0	0	0
Beethoven	137296-Sonate_No._32_1st_Movement.mxl.csv	0	0	0	0	0	8	0	12	32	64	220	455	477	266	528	618	649	295	128	152	203	93	1	2	1	0	0	0	0	0	0	0	0	0	0
Beethoven	140375-Sonate_No._32_2nd_Movement.mxl.csv	0	0	0	0	0	0	0	0	1	3	23	135	242	186	573	994	1653	1002	766	1100	641	108	93	136	56	21	0	0	0	0	0	0	0	0	0
Beethoven	33715-Sonate_No._14_Moonlight_3rd_Movement.mxl.csv	0	0	0	0	0	0	0	0	0	0	0	0	0	0	0	6	21	111	332	500	280	386	950	1268	573	155	95	255	176	7	0	0	0	0	0
Beethoven	49144-Sonata_No._14_Moonlight_2nd_Movement.mxl.csv	0	0	0	0	0	0	0	0	9	66	87	78	53	41	66	34	10	1	0	5	0	0	0	0	0	0	0	0	0	0	0	0	0	0	0
Beethoven	49148-Sonate_No._8_Pathetique_2nd_Movement.mxl.csv	0	0	0	0	0	0	0	6	68	0	146	207	383	183	81	123	140	57	29	47	87	22	8	54	11	7	1	0	0	0	0	0	0	0	0
Beethoven	49217-Sonate_No._17_Tempest_3rd_Movement.mxl.csv	0	0	0	0	0	0	0	0	0	25	67	32	118	315	443	287	325	569	803	397	99	59	221	103	12	0	0	3	0	0	0	0	0	0	0
Beethoven	53887-Sonata_No._27_1st_Movement.mxl.csv	0	0	0	0	0	0	0	0	0	16	2	9	45	42	76	251	337	192	262	406	432	314	116	67	79	70	18	0	0	0	0	0	0	0	0
Beethoven	54474-Sonate_No._8_Pathetique_3rd_Movement.mxl.csv	0	0	0	0	0	0	0	0	3	8	44	175	306	181	285	419	422	304	51	57	161	32	4	0	0	5	0	0	0	0	0	0	0	0	0
Beethoven	54768-Sonata_No._27_2nd_Movement.mxl.csv	0	0	0	0	0	0	0	0	0	0	1	10	11	5	44	69	59	91	403	581	857	558	367	468	345	120	40	38	3	0	0	0	0	0	0
Beethoven	55331-Sonate_No._1_1st_Movement.mxl.csv	0	0	0	0	0	0	0	11	6	20	150	179	161	168	254	358	190	48	17	93	41	2	0	0	0	0	0	0	0	0	0	0	0	0	0
Beethoven	55332-Sonate_No._1_2nd_Movement.mxl.csv	0	0	0	0	0	0	0	0	0	0	4	2	6	137	227	266	190	133	173	161	48	13	17	8	3	1	0	0	0	0	0	0	0	0	0
Beethoven	55335-Sonate_No._1_3rd_Movement.mxl.csv	0	0	0	0	0	0	0	1	0	2	38	56	27	83	88	112	78	28	62	41	18	2	2	2	0	0	0	0	0	0	0	0	0	0	0
Beethoven	55338-Sonate_No._1_4th_Movement.mxl.csv	0	0	0	0	0	0	0	0	0	22	228	389	351	252	372	670	481	118	36	168	111	20	0	0	0	0	0	0	0	0	0	0	0	0	0
Beethoven	55352-Sonate_No._14_Moonlight_1st_Movement.mxl.csv	0	0	0	0	0	0	0	0	0	0	0	0	0	0	4	5	35	21	99	136	112	163	201	228	87	10	15	62	5	0	0	0	0	0	0
Beethoven	55782-Sonate_No._20_1st_Movement.mxl.csv	0	0	0	0	0	0	0	0	0	0	0	0	0	0	26	139	273	335	259	144	231	175	46	12	13	4	0	0	0	0	0	0	0	0	0
Beethoven	55882-Sonate_No._20_2nd_Movement.mxl.csv	0	0	0	0	0	0	0	0	0	0	0	0	0	0	14	164	206	347	127	108	140	118	48	6	8	0	0	0	0	0	0	0	0	0	0
Beethoven	55983-Sonate_No._25_2nd_Movement.mxl.csv	0	0	0	0	0	0	0	0	0	0	0	40	86	158	72	105	127	141	55	0	5	24	3	0	0	0	0	0	0	0	0	0	0	0	0
Beethoven	56080-Sonate_No._25_1st_Movement_.mxl.csv	0	0	0	0	0	0	0	0	0	0	0	14	42	55	34	189	368	348	274	182	265	173	77	53	13	1	1	0	0	0	0	0	0	0	0
Beethoven	56162-Sonate_No._25_3rd_Movement.mxl.csv	0	0	0	0	0	0	0	0	0	0	0	0	0	4	61	163	205	230	146	179	172	100	34	4	7	0	0	0	0	0	0	0	0	0	0
Beethoven	56458-Sonate_No._17_Tempest_2nd_Movement.mxl.csv	0	0	0	0	0	0	0	0	13	32	9	22	141	391	323	292	100	194	137	46	19	11	3	4	1	0	0	3	0	0	0	0	0	0	0
Beethoven	56997-Sonate_No._17_Tempest_1st_Movement.mxl.csv	0	0	0	0	0	0	0	0	0	0	3	2	25	137	269	149	225	420	637	375	178	106	272	142	33	4	33	5	0	0	0	0	0	0	0
Beethoven	57318-Sonate_No._3_1st_Movement.mxl.csv	0	0	0	0	0	0	0	0	0	0	12	127	94	99	426	664	784	673	389	518	404	248	123	38	41	6	12	0	0	0	0	0	0	0	0
Beethoven	57437-Sonate_No._3_2nd_Movement.mxl.csv	0	0	0	0	0	0	0	0	0	0	0	0	4	0	14	77	119	79	176	235	278	152	95	110	110	40	7	11	4	0	0	0	0	0	0
Beethoven	57607-Sonate_No._3_3rd_Movement.mxl.csv	0	0	0	0	0	0	0	0	0	2	20	35	25	20	69	200	188	127	103	147	129	52	13	20	7	2	1	1	0	0	0	0	0	0	0
Beethoven	60251-Sonate_No._3_4th_Movement.mxl.csv	0	0	0	0	0	0	0	0	0	0	6	47	89	110	384	651	722	661	407	472	423	177	57	40	40	10	1	0	0	1	0	0	0	0	0
Beethoven	61042-Sonate_No._8Pathetique_1st_Movement.mxl.csv	0	0	0	0	0	0	0	0	3	88	109	448	555	381	497	739	686	379	166	165	182	113	37	0	8	0	0	0	0	0	0	0	0	0	0
Beethoven	61631-Sonate_No._19_1st_Movement.mxl.csv	0	0	0	0	0	0	0	0	0	0	0	36	105	196	115	154	210	288	125	17	25	82	16	8	0	0	0	0	0	0	0	0	0	0	0
Beethoven	63013-Sonate_No._19_2nd_Movement.mxl.csv	0	0	0	0	0	0	0	0	0	3	2	0	82	123	135	256	275	511	264	83	183	97	30	14	3	1	1	0	0	0	0	0	0	0	0
Beethoven	64273-Sonate_No._2_1st_Movement.mxl.csv	0	0	0	0	0	0	0	0	0	0	28	81	64	104	169	244	210	299	414	504	343	175	177	227	82	10	2	1	0	0	0	0	0	0	0
Beethoven	64326-Sonate_No._2_2nd_Movement.mxl.csv	0	0	0	0	0	0	0	0	0	0	0	0	9	19	29	25	137	265	310	146	113	168	145	86	12	7	7	0	0	0	0	0	0	0	0
Beethoven	64431-Sonate_No._2_3rd_Movement.mxl.csv	0	0	0	0	0	0	0	0	0	0	0	0	0	1	15	33	27	61	90	110	82	24	40	70	39	13	5	0	12	0	0	0	0	0	0
Beethoven	65083-Sonate_No._2_4th_Movement.mxl.csv	0	0	0	0	0	0	0	0	0	0	0	1	19	53	102	146	102	292	549	729	483	235	377	285	109	52	9	6	0	0	0	0	0	0	0
Beethoven	65535-Sonate_No._12_Funeral_March_1st_Movement.mxl.csv	0	0	0	0	0	0	28	32	40	33	256	663	911	347	279	394	310	102	46	21	18	10	1	0	0	0	0	0	0	0	0	0	0	0	0
Beethoven	65618-Sonate_No._12_Funeral_March_2nd_Movement.mxl.csv	0	0	0	0	0	0	0	2	3	24	100	114	71	103	70	99	84	20	17	39	1	0	0	0	0	0	0	0	0	0	0	0	0	0	0
Beethoven	65664-Sonate_No._12_Funeral_March_3rd_Movement.mxl.csv	0	0	0	0	0	0	19	41	139	39	107	277	397	133	36	55	89	106	28	44	72	152	34	0	0	20	0	0	0	0	0	0	0	0	0
Beethoven	65794-Sonate_No._12_Funeral_March_4th_Movement.mxl.csv	0	0	0	0	0	0	0	12	3	2	146	270	430	340	202	296	313	145	28	42	28	5	0	0	0	0	0	0	0	0	0	0	0	0	0
Beethoven	65999-Sonate_No._30_1st_Movement.mxl.csv	0	0	0	0	0	0	0	0	0	0	0	0	0	0	2	13	2	13	114	224	317	211	147	246	216	80	33	24	29	5	0	0	0	0	0
Beethoven	66095-Sonate_No._30_2nd_Movement.mxl.csv	0	0	0	0	0	0	0	0	0	0	1	3	6	15	34	122	196	102	128	208	332	230	61	17	58	43	4	0	0	0	0	0	0	0	0
Beethoven	66291-Sonate_No._30_3rd_Movement.mxl.csv	0	0	0	0	0	0	0	0	0	0	0	0	0	16	14	54	57	72	493	633	1452	572	1038	544	421	107	62	20	53	4	0	0	0	0	0
Beethoven	69303-Sonate_No._5_1st_Movement.mxl.csv	0	0	0	0	0	0	0	0	10	30	49	151	294	198	279	380	370	184	55	62	108	18	1	0	0	0	1	0	0	0	0	0	0	0	0
Beethoven	70771-Sonate_No._5_3rd_Movement.mxl.csv	0	0	0	0	0	0	0	0	4	22	24	219	259	138	218	364	308	181	46	75	169	34	11	0	1	0	0	0	0	0	0	0	0	0	0
Beethoven	72613-Sonate_No._21_Waldstein_1st_Movement.mxl.csv	0	0	0	0	0	0	0	0	9	33	88	159	187	232	611	928	876	638	649	818	813	274	144	239	181	45	3	22	6	2	0	0	0	0	0
Beethoven	72802-Sonate_No._21_Waldstein_2nd_Movement.mxl.csv	0	0	0	0	0	0	0	0	0	0	4	13	0	29	102	72	49	40	44	52	66	11	5	14	15	2	0	0	0	0	0	0	0	0	0
Beethoven	74131-Sonate_No._21_Waldstein_3rd_Movement.mxl.csv	0	0	0	0	0	0	0	0	8	47	160	290	292	130	683	1233	1760	831	827	736	609	105	21	33	26	6	0	0	0	0	0	0	0	0	0
Beethoven	78190-Sonate_No._16_1st_Movement.mxl.csv	0	0	0	0	0	0	0	0	0	0	0	9	50	66	126	303	511	775	396	267	469	507	142	42	61	68	25	2	0	0	0	0	0	0	0
Beethoven	78473-Sonate_No._16_2nd_Movement.mxl.csv	0	0	0	0	0	0	0	0	0	0	109	175	175	176	536	953	892	733	309	550	336	97	65	21	23	4	0	0	0	0	0	0	0	0	0
Beethoven	80008-Sonate_No._16_3rd_Movement.mxl.csv	0	0	0	0	0	0	0	0	0	0	10	35	146	94	93	301	763	1028	481	324	448	288	209	42	18	15	13	0	0	0	0	0	0	0	0
Beethoven	80461-Sonate_No._23_Appassionata_1st_Movement.mxl.csv	0	0	0	0	0	0	12	123	94	186	679	887	544	567	770	1214	671	161	184	519	144	64	28	48	18	13	1	0	0	0	0	0	0	0	0
Beethoven	80521-Sonate_No._23_Appassionata_2nd_Movement.mxl.csv	0	0	0	0	0	0	3	0	0	205	307	373	188	85	194	138	24	0	10	17	5	0	0	0	0	0	0	0	0	0	0	0	0	0	0
Beethoven	81183-Sonate_No._23_Appassionata_3rd_Movement.mxl.csv	0	0	0	0	0	0	0	0	23	168	329	597	276	471	816	1116	498	106	136	264	123	17	0	0	0	0	0	0	0	0	0	0	0	0	0
Beethoven	Beethoven_Ludwig_van_-_6_Lieder_Op.48_No.1_-_Bitten.mxl.csv	0	0	0	0	0	0	0	0	0	0	0	0	0	0	0	11	13	6	37	111	112	53	38	37	54	14	0	5	0	0	0	0	0	0	0
Beethoven	Beethoven_Ludwig_van_-_6_Lieder_Op.48_No.2_-_Die_Liebe_des_Nachsten.mxl.csv	0	0	0	0	0	0	0	0	2	13	0	47	52	63	37	39	31	28	15	4	5	2	1	0	0	0	0	0	0	0	0	0	0	0	0
Beethoven	Beethoven_Ludwig_van_-_6_Lieder_Op.48_No.3_-_Vom_Tode.mxl.csv	0	0	0	0	0	0	0	0	0	0	0	0	0	1	0	4	40	34	31	23	29	85	91	21	0	31	21	10	0	0	0	0	0	0	0
Beethoven	Beethoven_Ludwig_van_-_6_Lieder_Op.48_No.4_-_Die_Ehre_Gottes_aus_der_Natur.mxl.csv	0	0	0	0	0	0	0	0	0	0	0	10	66	47	60	125	183	68	25	77	43	9	4	2	0	0	0	0	0	0	0	0	0	0	0
Beethoven	Beethoven_Ludwig_van_-_6_Lieder_Op.48_No.5_-_Gottes_Macht_und_Vorsehung.mxl.csv	0	0	0	0	0	0	0	0	0	0	0	0	0	0	29	38	36	28	16	23	26	3	0	5	0	0	0	0	0	0	0	0	0	0	0
Beethoven	Beethoven_Ludwig_van_-_6_Lieder_Op.48_No.6_-_Busslied.mxl.csv	0	0	0	0	0	0	0	0	0	0	0	0	0	1	35	82	54	188	331	421	317	147	174	143	65	23	2	1	0	0	0	0	0	0	0
Liszt	2603256-Liszt_-_Transcendental_Etude_No._1_Preludio.mxl.csv	0	0	0	0	0	0	0	0	0	2	7	15	2	24	56	127	98	40	59	104	39	9	8	10	7	5	0	0	0	0	0	0	0	0	0
Liszt	2603271-Liszt_-_Transcendental_Etude_No._2_Molto_Vivace.mxl.csv	0	0	0	0	0	3	2	0	3	12	16	35	47	138	246	290	53	305	440	508	245	76	54	100	69	5	7	0	0	0	0	0	0	0	0
Liszt	2603286-Liszt_-_Transcendental_Etude_No._3_Paysage.mxl.csv	0	0	0	0	0	10	2	3	10	36	109	66	72	168	519	243	124	173	279	115	42	13	20	14	1	0	0	0	0	0	0	0	0	0	0
Liszt	2603291-Liszt_-_Transcendental_Etude_No._4_Mazeppa.mxl.csv	0	0	0	0	0	0	0	7	22	53	74	148	232	684	570	330	617	1067	915	722	387	409	508	250	131	55	35	53	6	11	0	0	0	1	0
Liszt	2603306-Liszt_-_Transcendental_Etude_No._5_Feux_Follets.mxl.csv	0	0	0	0	0	0	0	12	85	273	94	133	319	459	527	296	243	475	376	242	222	166	208	176	51	54	102	38	7	0	2	0	0	0	0
Liszt	2603316-Liszt_-_Transcendental_Etude_No._6_Vision.mxl.csv	0	0	0	0	0	0	0	0	26	123	66	56	251	372	85	156	581	691	231	126	391	276	165	18	8	45	26	0	0	0	0	0	0	0	0
Liszt	2603321-Liszt_-_Transcendental_Etude_No._7_Eroica.mxl.csv	0	0	0	0	0	0	4	15	129	148	225	297	376	393	296	225	163	156	130	137	113	88	56	42	45	15	32	6	5	7	0	0	0	0	0
Liszt	2603331-Liszt_-_Transcendental_Etude_No._8_Wilde_Jagd.mxl.csv	0	0	0	0	0	0	19	32	113	126	235	420	519	540	518	734	829	537	321	407	403	212	107	62	91	17	10	8	4	0	0	0	0	0	0
Liszt	2603341-Liszt_-_Transcendental_Etude_No._9_Ricordanza.mxl.csv	0	0	0	0	0	2	14	161	47	125	519	585	655	541	413	446	366	220	156	170	163	73	62	49	93	22	13	6	9	1	2	0	0	0	0
Liszt	2603361-Liszt_-_Transcendental_Etude_No._10_Allegro_Agitato_Molto.mxl.csv	0	0	0	0	4	4	14	32	45	149	426	429	287	341	602	498	282	160	142	226	259	56	26	66	40	14	20	11	10	7	0	0	0	0	0
Liszt	2603376-Liszt_-_Transcendental_Etude_No._11_Harmonies_du_Soir.mxl.csv	0	0	0	0	3	62	200	101	63	430	637	620	374	286	402	402	256	168	219	283	319	231	80	98	85	41	13	7	7	3	0	0	0	0	0
Liszt	2603416-Liszt_-_Transcendental_Etude_No._12_Chasse_Neige.mxl.csv	0	0	0	0	0	3	81	13	59	489	651	250	497	620	647	548	176	134	406	376	206	81	35	134	54	58	31	11	28	0	12	0	0	0	0
Liszt	2635386-Liszt_-_Trois_Etudes_de_Concert_No._1_Il_Lamento.mxl.csv	0	0	0	0	0	0	0	57	74	82	268	301	458	256	345	309	369	341	178	235	293	236	250	152	199	161	107	44	14	23	15	0	0	0	0
Liszt	2635396-Liszt_-_Trois_Etudes_de_Concert_No._2_La_Leggierezza.mxl.csv	0	0	0	0	0	0	0	11	10	46	331	230	173	251	270	323	222	115	228	258	259	125	95	89	74	60	40	25	18	0	1	0	0	0	0
Liszt	2635411-Liszt_-_Trois_Etudes_de_Concert_No._3_Un_Sospiro.mxl.csv	0	0	0	0	0	0	8	7	11	108	385	294	115	190	322	142	76	122	274	169	119	172	97	107	153	10	21	81	11	0	0	0	0	0	0
Liszt	2804406-Liszt_-_Zwei_Konzert-Etuden_I_Waldesrauschen.mxl.csv	0	0	0	0	0	0	0	2	17	139	243	337	250	149	292	259	117	141	363	246	166	207	160	162	100	9	24	45	11	0	0	0	0	0	0
Liszt	3987861-Liszt_-_Au_Lac_de_Wallenstadt.mxl.csv	0	0	0	0	0	0	0	20	8	0	88	288	369	157	30	146	33	8	15	9	23	10	17	20	14	1	0	0	0	0	0	0	0	0	0
Liszt	4078266-Liszt_-_Vallee_dObermann.mxl.csv	0	0	0	0	0	0	0	0	5	16	72	132	202	241	292	483	703	431	615	961	947	590	451	573	474	198	55	45	67	3	0	0	0	0	0
Liszt	4078941-Liszt_-_Au_Bord_dUne_Source.mxl.csv	0	0	0	0	0	0	0	53	86	30	199	476	437	319	303	199	136	133	50	75	79	74	42	52	42	14	3	0	0	1	0	0	0	0	0
Liszt	4083526-Liszt_-_Eglogue.mxl.csv	0	0	0	0	0	0	0	0	7	43	153	225	277	216	308	155	168	52	30	7	0	8	3	0	0	0	0	0	0	0	0	0	0	0	0
Liszt	4094931-Liszt_-_Pastorale.mxl.csv	0	0	0	0	0	0	0	0	0	0	0	0	0	0	0	0	0	8	84	172	292	156	52	112	96	12	0	0	0	0	0	0	0	0	0
Liszt	Concert_Etude_in_F-Sharp_minor_Gnomenreigen_Dance_of_the_Gnomes.mxl.csv	0	0	0	0	0	0	0	0	0	0	1	22	58	80	118	112	107	313	259	167	268	439	449	257	198	173	160	81	27	4	4	2	0	0	0
Liszt	Consolation_No._3_in_D_Flat_Major_S_172_-_Franz_Liszt.mxl.csv	0	0	0	0	0	0	6	8	9	47	189	136	34	92	221	93	28	30	62	63	12	7	24	12	5	0	0	0	0	0	0	0	0	0	0
Liszt	Franz_Liszt-_Bagatelle_sans_Tonalite.mxl.csv	0	0	0	0	0	0	0	0	0	0	14	37	13	59	203	113	171	205	122	125	221	113	196	125	22	73	16	0	0	0	0	0	0	0	0
Liszt	IMSLP100402-PMLP02603-S199_nuages_gris.mxl.csv	0	0	0	0	0	0	0	0	4	0	0	0	22	57	10	10	33	29	31	9	8	25	28	6	0	0	0	0	0	0	0	0	0	0	0
Liszt	IMSLP100409-PMLP11526-S201_R_W_venezia.xml.csv	0	0	0	0	0	0	0	0	0	0	57	33	0	84	128	7	24	65	39	63	66	41	95	60	21	9	0	0	0	0	0	0	0	0	0
Liszt	Les_Cloches_de_Geneve.mxl.csv	0	0	0	0	0	0	0	0	4	9	10	19	21	38	51	41	72	93	74	171	241	234	224	194	176	136	64	27	8	1	0	0	0	0	0
Liszt	Le_Mal_du_Pays.xml.csv	0	0	0	0	0	0	0	0	6	6	0	5	31	61	17	33	97	143	85	72	211	160	51	62	102	42	11	6	6	3	0	0	0	0	0
Liszt	Liebestraume_No._3.mxl.csv	0	0	0	0	0	0	0	64	14	22	124	230	177	153	133	221	134	71	70	124	86	68	40	84	67	13	13	17	16	1	0	0	0	0	0
Liszt	Liszt_-_Aprs_une_lecture_du_Dante_Fantasia_quasi_Sonata.xml.csv	0	0	0	0	0	0	0	50	6	54	96	304	477	631	668	506	783	1443	1228	720	888	989	903	701	381	338	317	122	40	25	5	0	0	0	0
Liszt	Liszt_-_Ballade_No._2.mxl.csv	0	0	0	0	0	0	0	0	33	37	143	93	167	339	227	305	494	556	539	553	710	875	792	477	440	416	240	96	44	34	18	0	0	0	0
Liszt	Liszt_-_Bndiction_de_Dieu_dans_la_Solitude.mscz.mxl.csv	0	0	0	0	0	0	0	2	4	13	21	41	88	125	199	91	197	330	285	213	497	1150	1191	475	826	817	337	77	60	37	17	3	0	0	0
Liszt	Liszt_-_Chapelle_de_Guillaume_Tell.xml.csv	0	0	0	0	0	0	0	0	4	9	28	140	66	109	214	398	534	258	136	341	236	70	69	168	47	2	96	0	0	0	0	0	0	0	0
Liszt	Liszt_-_Funerailles.mxl.csv	0	0	0	0	0	0	0	56	36	61	443	475	282	391	521	601	195	238	414	321	154	200	186	129	65	23	44	8	3	0	0	0	0	0	0
Liszt	Liszt_-_Hungarian_Rhapsody_No._15_Rkczi_March.xml.csv	0	0	0	0	0	0	0	0	0	9	9	10	29	159	478	392	273	533	860	904	571	229	419	455	157	28	38	6	4	0	0	0	0	0	0
Liszt	Liszt_-_Hungarian_Rhapsody_No._6.mscz.mxl.csv	0	0	0	0	0	0	0	1	25	173	251	201	342	657	551	544	160	630	376	200	92	231	152	143	60	53	51	35	13	0	0	0	0	0	0
Liszt	Liszt_-_Impromptu_in_F_major.mxl.csv	0	0	0	0	0	0	0	0	0	0	10	12	17	0	24	77	110	66	92	122	139	244	285	73	107	154	65	14	26	0	5	0	0	0	0
Liszt	Liszt_-_Mephisto_Waltz_No._1.mxl.csv	0	0	0	0	0	0	6	21	96	272	268	251	231	676	852	438	356	710	1064	1436	671	622	876	576	251	164	134	132	37	0	6	0	0	0	0
Liszt	Liszt_-_Rminiscences_de_Norma.mxl.csv	0	0	0	0	0	0	0	0	141	286	100	400	742	792	481	629	1148	1209	836	933	1272	1631	713	545	676	452	116	47	65	8	7	0	0	0	0
Liszt	Liszt_-_Tarantella_Annes_de_plerinage_II_Venezia_e_Napoli.xml.csv	0	0	0	0	0	0	0	12	58	34	236	461	742	890	502	714	1063	1109	615	360	417	359	202	118	53	28	10	3	0	2	0	0	0	0	0
Liszt	Liszt_En_reve.mxl.csv	0	0	0	0	0	0	0	0	0	0	0	0	0	0	2	3	10	29	13	42	36	124	33	43	41	48	33	7	0	1	0	0	0	0	0
Liszt	Liszt_Lugubre_gondola_I_200_1.mxl.csv	0	0	0	0	0	0	0	15	0	9	66	91	25	26	55	56	11	20	34	80	87	78	45	21	52	51	0	0	6	0	0	0	0	0	0
Liszt	Liszt_Lugubre_gondola_I_200_2.mxl.csv	0	0	0	0	0	0	0	0	0	1	153	174	60	73	171	149	90	44	75	192	195	107	112	24	38	23	0	2	0	0	0	0	0	0	0
Liszt	Liszt_S202_Am_Grabe_R.xml.csv	0	0	0	0	0	0	0	0	0	0	0	0	0	2	3	0	0	4	24	28	37	23	67	44	27	16	22	0	0	0	0	0	0	0	0
Liszt	Liszt_Schlaflos.mxl.csv	0	0	0	0	0	0	0	1	0	4	22	2	4	0	97	179	30	34	159	86	67	34	31	35	39	17	1	8	0	0	0	0	0	0	0
Liszt	Liszt_Trauermarsch.mxl.csv	0	0	0	0	0	0	0	0	0	0	0	20	90	294	82	58	255	13	103	127	51	210	446	12	0	0	0	1	0	0	0	0	0	0	0
Liszt	Orage.xml.csv	0	0	0	0	0	0	0	2	18	39	250	370	287	124	382	453	446	339	159	257	440	330	258	82	128	79	48	12	8	3	8	0	0	0	0
Liszt	Sonata_in_B_Minor.xml.csv	0	0	0	0	0	1	1	29	63	190	261	313	627	714	610	777	1412	1147	1111	1251	1543	1436	1088	818	733	705	436	127	79	65	17	5	0	0	0
Liszt	Sonate_No._5_2nd_Movement.mxl.csv	0	0	0	0	0	0	1	7	30	6	158	271	405	219	133	211	159	52	43	17	19	6	2	0	0	0	0	0	0	0	0	0	0	0	0
Liszt	Sposalizio.xml.csv	0	0	0	0	0	0	0	0	0	5	10	38	22	22	43	47	112	116	202	298	309	281	346	294	176	60	58	15	3	2	0	0	0	0	0
Liszt	Wiegenlied.xml.csv	0	0	0	0	0	0	0	0	0	4	5	9	4	10	51	48	59	36	86	104	48	36	38	24	19	2	8	5	0	0	0	0	0	0	0
Scriabin	Scriabins_Nocturne_for_the_left_hand.mxl.csv	0	1	0	0	0	0	61	17	33	117	215	248	110	99	151	94	49	83	127	79	48	99	95	99	38	5	11	36	10	0	0	0	0	0	0
Scriabin	Scriabin_11_1.xml.csv	0	0	0	0	0	0	0	0	0	0	0	5	0	6	41	88	107	82	51	58	18	9	2	1	3	0	1	0	0	0	0	0	0	0	0
Scriabin	Scriabin_11_10.xml.csv	0	0	0	0	0	0	0	0	0	0	0	0	0	0	0	0	0	9	34	41	29	28	79	62	30	4	0	13	10	0	0	0	0	0	0
Scriabin	Scriabin_11_11.xml.csv	0	0	0	0	0	0	0	0	0	0	0	0	0	0	0	0	38	0	17	102	190	144	77	80	113	31	6	7	8	7	2	0	0	0	0
Scriabin	Scriabin_11_12.xml.csv	0	0	0	0	0	0	0	0	0	0	0	0	0	0	0	0	1	7	8	44	65	26	26	82	69	44	8	1	11	3	2	0	0	0	0
Scriabin	Scriabin_11_13.xml.csv	0	0	0	0	0	0	0	4	47	53	64	49	56	63	28	8	7	17	2	0	0	0	0	0	0	0	0	0	0	0	0	0	0	0	0
Scriabin	Scriabin_11_14.xml.csv	0	0	0	0	0	0	0	25	132	114	15	94	269	168	76	2	22	38	16	0	0	0	0	0	0	0	0	0	0	0	0	0	0	0	0
Scriabin	Scriabin_11_15.xml.csv	0	0	0	0	0	0	0	0	0	31	67	51	53	57	66	44	0	0	0	0	0	0	0	0	0	0	0	0	0	0	0	0	0	0	0
Scriabin	Scriabin_11_17.xml.csv	0	0	0	0	0	0	0	8	3	0	33	57	25	23	18	23	6	3	0	1	1	0	0	0	0	0	0	0	0	0	0	0	0	0	0
Scriabin	Scriabin_11_18.xml.csv	0	0	0	0	4	0	7	11	13	35	86	104	68	88	175	155	116	18	16	59	35	0	0	0	1	0	0	0	0	0	0	0	0	0	0
Scriabin	Scriabin_11_2.xml.csv	0	0	0	0	0	0	0	0	0	0	3	1	2	29	52	51	53	65	71	73	65	26	16	21	27	13	0	0	3	1	0	0	0	0	0
Scriabin	Scriabin_11_21.xml.csv	0	0	0	0	0	0	0	0	0	3	1	13	44	58	55	30	25	35	18	1	1	1	1	0	0	0	0	0	0	0	0	0	0	0	0
Scriabin	Scriabin_11_22.xml.csv	0	0	0	0	0	0	0	0	0	1	6	7	23	29	21	31	44	39	31	6	10	11	6	0	0	0	0	0	0	0	0	0	0	0	0
Scriabin	Scriabin_11_23.xml.csv	0	0	0	0	0	0	0	0	0	0	0	0	0	28	57	74	36	45	59	44	8	6	2	1	3	0	0	0	0	0	0	0	0	0	0
Scriabin	Scriabin_11_3.xml.csv	0	0	0	0	0	0	0	0	0	0	0	0	7	0	6	64	103	125	62	59	72	49	16	2	7	18	11	0	0	0	0	0	0	0	0
Scriabin	Scriabin_11_4.xml.csv	0	0	0	0	0	0	0	0	0	0	0	0	0	0	4	17	38	32	37	48	104	43	19	10	22	16	7	0	0	0	0	0	0	0	0
Scriabin	Scriabin_11_5.xml.csv	0	0	0	0	0	0	0	0	0	0	0	0	0	1	1	17	52	69	85	27	43	58	44	10	3	6	1	0	0	0	0	0	0	0	0
Scriabin	Scriabin_11_6.xml.csv	0	0	0	0	0	0	0	0	0	0	0	10	10	4	4	27	94	64	30	53	111	98	47	2	22	23	18	0	0	0	0	0	0	0	0
Scriabin	Scriabin_11_7.xml.csv	0	0	0	0	0	0	0	0	0	0	0	0	0	0	0	18	15	82	136	121	88	103	55	49	10	0	0	0	0	0	0	0	0	0	0
Scriabin	Scriabin_11_8.xml.csv	0	0	0	0	0	0	0	0	0	0	0	0	0	0	0	14	57	86	52	38	105	125	75	19	3	12	17	8	0	0	0	0	0	0	0
Scriabin	Scriabin_11_9.xml.csv	0	0	0	0	0	0	0	0	0	0	0	0	0	0	0	6	0	5	62	82	30	45	61	44	21	3	5	10	1	0	0	0	0	0	0
Scriabin	Scriabin_13_1.mxl.csv	0	0	0	0	0	0	0	0	0	0	2	23	0	46	131	110	121	107	112	91	43	0	9	4	1	0	0	0	0	0	0	0	0	0	0
Scriabin	Scriabin_13_2.mxl.csv	0	0	0	0	0	0	0	0	0	0	0	0	8	6	78	61	27	40	91	70	46	4	3	12	16	4	0	0	0	0	0	0	0	0	0
Scriabin	Scriabin_13_3.mxl.csv	0	0	0	0	0	0	0	0	0	0	6	11	12	19	15	29	59	50	22	13	32	9	1	0	0	1	0	0	0	0	0	0	0	0	0
Scriabin	Scriabin_13_4.mxl.csv	0	0	0	0	0	0	0	0	0	0	0	0	1	0	29	85	45	50	95	105	120	53	0	18	25	1	0	0	0	0	0	0	0	0	0
Scriabin	Scriabin_13_5.mxl.csv	0	0	0	0	0	0	0	0	0	0	0	0	0	1	2	10	45	76	103	86	65	73	54	23	11	4	2	2	0	0	0	0	0	0	0
Scriabin	Scriabin_13_6.mxl.csv	0	0	0	0	0	0	0	0	0	0	0	0	0	0	11	42	112	103	59	149	240	270	157	50	70	55	32	24	7	0	0	0	0	0	0
Scriabin	Scriabin_15_1.mxl.csv	0	0	0	0	0	0	0	0	0	0	0	0	0	0	2	4	15	74	60	54	59	74	92	46	7	5	23	10	3	0	0	0	0	0	0
Scriabin	Scriabin_15_2.mxl.csv	0	0	0	0	0	0	0	0	0	0	0	0	0	0	0	0	9	44	70	38	71	103	121	52	14	3	31	15	3	1	0	0	0	0	0
Scriabin	Scriabin_15_3.mxl.csv	0	0	0	0	0	0	0	0	0	0	0	0	0	0	0	0	6	28	72	155	132	79	71	79	30	14	4	0	2	0	0	0	0	0	0
Scriabin	Scriabin_15_4.mxl.csv	0	0	0	0	0	0	0	0	0	0	0	0	0	0	0	2	1	10	30	62	75	51	45	43	15	2	3	4	0	0	0	0	0	0	0
Scriabin	Scriabin_15_5.mxl.csv	0	0	0	0	0	0	0	0	0	0	0	0	0	0	4	2	13	14	21	39	22	32	45	41	25	5	4	13	14	3	0	0	0	0	0
Scriabin	Scriabin_16_1.mxl.csv	0	0	0	0	0	0	0	0	0	0	0	0	0	0	0	16	30	0	16	51	138	87	68	75	50	24	5	0	1	0	0	0	0	0	0
Scriabin	Scriabin_16_2.mxl.csv	0	0	0	0	0	0	0	0	0	0	0	0	0	0	0	0	0	7	27	73	99	28	67	105	105	31	9	15	28	3	0	0	0	0	0
Scriabin	Scriabin_16_3.mxl.csv	0	0	0	0	0	0	0	0	37	95	103	65	68	93	68	13	0	7	7	1	0	0	0	0	0	0	0	0	0	0	0	0	0	0	0
Scriabin	Scriabin_16_4.mxl.csv	0	0	0	0	0	0	0	7	20	26	11	21	28	37	14	0	2	3	2	0	0	0	0	0	0	0	0	0	0	0	0	0	0	0	0
Scriabin	Scriabin_16_5.mxl.csv	0	0	0	0	0	0	0	0	0	0	0	0	0	0	0	0	0	0	0	4	28	38	54	32	28	36	24	1	0	4	0	0	0	0	0
Scriabin	Scriabin_17_1.mxl.csv	0	0	0	0	0	0	0	0	0	0	0	1	30	65	51	40	64	87	91	44	6	12	29	24	3	0	0	0	0	0	0	0	0	0	0
Scriabin	Scriabin_17_2.mxl.csv	0	0	0	0	0	0	0	16	49	26	27	56	113	137	77	26	66	27	26	9	12	6	0	0	0	0	0	0	0	0	0	0	0	0	0
Scriabin	Scriabin_17_3.mxl.csv	0	0	0	0	0	0	7	0	7	70	98	96	64	72	67	32	6	3	2	2	0	0	0	0	0	0	0	0	0	0	0	0	0	0	0
Scriabin	Scriabin_17_4.mxl.csv	0	1	0	0	0	0	4	10	10	49	38	20	35	40	31	22	4	7	11	4	1	1	0	0	0	0	0	0	0	0	0	0	0	0	0
Scriabin	Scriabin_17_5.mxl.csv	0	0	0	0	0	0	0	0	1	33	142	63	16	81	259	160	40	0	21	40	20	0	0	2	0	0	0	0	0	0	0	0	0	0	0
Scriabin	Scriabin_17_6.mxl.csv	0	0	0	0	0	0	0	0	2	22	0	15	40	68	50	34	22	45	21	12	3	9	5	1	0	1	0	0	0	0	0	0	0	0	0
Scriabin	Scriabin_17_7.mxl.csv	0	0	0	0	0	0	0	1	17	20	27	61	112	97	28	67	116	98	47	8	31	41	13	6	0	0	0	0	0	0	0	0	0	0	0
Scriabin	Scriabin_22_1.mxl.csv	0	0	0	0	0	0	0	0	0	0	0	0	0	0	6	8	0	6	18	31	13	23	18	38	54	23	0	5	8	6	0	0	0	0	0
Scriabin	Scriabin_22_2.mxl.csv	0	0	0	0	0	0	0	0	0	0	0	0	0	0	0	0	0	12	32	49	15	22	48	45	25	13	3	10	10	5	0	0	0	0	0
Scriabin	Scriabin_22_3.mxl.csv	0	0	0	0	0	0	0	0	0	0	0	0	0	0	0	2	5	1	7	31	59	52	41	36	30	23	15	2	3	2	0	0	0	0	0
Scriabin	Scriabin_22_4.mxl.csv	0	0	0	0	0	0	0	0	0	0	0	1	1	0	5	6	51	64	25	45	85	80	32	0	1	3	0	0	0	0	0	0	0	0	0
Scriabin	Scriabin_27_1.mxl.csv	0	0	0	0	0	0	0	2	16	27	12	51	95	123	92	88	141	115	60	16	38	27	29	6	0	0	0	0	0	0	0	0	0	0	0
Scriabin	Scriabin_27_2.mxl.csv	0	0	0	0	0	0	0	0	0	0	0	0	0	0	0	0	0	2	0	29	27	29	24	40	31	30	3	1	4	3	0	0	0	0	0
Scriabin	Scriabin_31_1.mxl.csv	0	0	0	0	0	2	4	2	9	21	50	41	40	56	81	87	82	52	27	43	34	6	6	8	8	4	0	0	0	0	0	0	0	0	0
Scriabin	Scriabin_31_2.mxl.csv	0	0	0	0	0	0	0	0	0	0	0	0	0	0	0	0	12	33	18	13	34	54	55	30	1	4	17	14	4	0	0	0	0	0	0
Scriabin	Scriabin_31_3.mxl.csv	0	0	0	0	1	0	6	15	44	57	22	25	82	56	36	2	3	8	29	0	0	0	0	0	0	0	0	0	0	0	0	0	0	0	0
Scriabin	Scriabin_31_4.mxl.csv	0	0	0	0	0	0	0	0	0	0	22	10	10	7	22	19	26	9	5	11	13	3	4	0	2	0	1	0	0	0	0	0	0	0	0
Scriabin	Scriabin_33_1.mxl.csv	0	0	0	0	0	0	0	0	0	0	0	0	0	0	0	4	1	1	18	31	33	31	27	33	23	4	2	0	0	0	0	0	0	0	0
Scriabin	Scriabin_33_2.mxl.csv	0	0	0	0	0	0	0	0	0	1	5	9	15	11	8	5	27	24	7	11	16	39	19	10	13	17	11	0	0	4	1	0	0	0	0
Scriabin	Scriabin_33_3.mxl.csv	0	0	0	0	0	0	24	1	0	3	52	22	3	3	24	26	32	8	5	20	5	2	0	0	0	0	0	0	0	0	0	0	0	0	0
Scriabin	Scriabin_33_4.mxl.csv	0	0	0	0	0	0	0	32	19	24	20	83	94	32	51	46	34	21	31	13	6	4	12	2	2	0	0	0	0	0	0	0	0	0	0
Scriabin	Scriabin_35_1.xml.csv	0	0	0	0	0	3	11	11	4	42	80	93	49	26	42	45	18	16	15	17	12	8	6	3	0	0	2	2	0	0	0	0	0	0	0
Scriabin	Scriabin_35_2.mxl.csv	0	0	0	0	8	1	5	11	28	23	33	17	44	42	45	32	19	31	25	5	8	4	3	2	0	0	0	0	0	0	0	0	0	0	0
Scriabin	Scriabin_35_3.mxl.csv	0	0	0	0	0	0	0	0	11	48	92	128	99	88	137	131	138	46	19	17	27	8	0	0	0	0	0	0	0	0	0	0	0	0	0
Scriabin	Scriabin_37_1.mxl.csv	0	0	0	0	0	0	1	5	48	77	86	32	63	92	72	27	1	2	13	3	0	0	0	0	0	0	0	0	0	0	0	0	0	0	0
Scriabin	Scriabin_37_2.mxl.csv	0	0	0	0	0	0	0	0	0	0	0	0	0	3	0	1	11	31	9	31	72	138	153	65	69	109	52	31	8	11	16	9	0	4	0
Scriabin	Scriabin_37_3.mxl.csv	0	0	0	0	0	0	0	0	0	0	0	0	0	0	0	0	7	0	8	43	88	87	48	54	66	38	18	7	9	9	2	0	0	0	0
Scriabin	Scriabin_37_4.mxl.csv	0	0	0	0	0	0	0	0	0	0	6	27	60	55	15	35	73	69	26	0	15	32	11	0	0	2	2	0	0	0	0	0	0	0	0
Scriabin	Scriabin_39_1.mxl.csv	0	0	0	0	0	0	0	1	2	2	0	0	4	4	1	7	14	39	16	23	49	72	54	21	25	50	29	18	1	6	8	2	0	0	0
Scriabin	Scriabin_39_2.mxl.csv	0	0	0	0	0	0	0	0	1	0	2	11	8	18	12	13	21	18	22	17	16	20	7	10	3	4	2	0	0	0	0	0	0	0	0
Scriabin	Scriabin_39_3.mxl.csv	0	0	0	0	0	0	0	0	0	6	6	33	26	29	29	32	62	41	29	21	30	31	7	14	1	4	10	0	0	0	0	0	0	0	0
Scriabin	Scriabin_39_4.mxl.csv	0	2	0	0	1	7	1	20	3	6	21	30	19	17	10	29	10	7	10	22	4	2	10	5	0	0	0	0	0	0	0	0	0	0	0
Scriabin	Scriabin_48_1.mxl.csv	0	0	0	0	0	1	0	0	0	1	0	9	1	7	6	16	13	23	18	23	44	56	24	22	22	29	21	6	2	6	0	0	0	0	0
Scriabin	Scriabin_48_2.mxl.csv	0	0	0	0	0	0	2	0	1	11	11	21	12	7	20	29	37	17	10	20	18	7	2	1	1	2	0	0	0	0	0	0	0	0	0
Scriabin	Scriabin_48_3.mxl.csv	0	0	0	0	0	10	27	0	7	12	48	21	12	20	46	34	9	16	7	7	4	6	8	12	3	2	5	2	2	0	0	0	0	0	0
Scriabin	Scriabin_48_4.mxl.csv	0	0	0	0	0	0	4	4	4	60	57	61	65	54	66	61	9	7	3	20	22	14	0	9	8	0	0	0	0	0	0	0	0	0	0
Scriabin	Scriabin_67_1.xml.csv	0	0	0	0	0	0	0	11	1	8	53	13	22	47	12	55	67	13	37	76	7	56	3	4	11	7	0	2	0	0	0	0	0	0	0
Scriabin	Scriabin_67_2.xml.csv	0	0	0	0	0	2	0	10	11	23	46	41	60	65	45	63	60	47	54	26	18	25	24	9	12	6	2	3	3	0	0	0	0	0	0
Scriabin	Scriabin_74_1.xml.csv	0	0	0	0	0	0	7	7	1	4	19	7	14	16	11	27	30	17	28	23	5	34	7	5	20	13	5	13	0	0	0	0	0	0	0
Scriabin	Scriabin_op8_Twelve Etudes - I.xml.csv	0	0	0	0	0	0	0	0	0	0	0	0	0	0	0	0	0	11	32	63	51	211	229	239	186	189	135	88	36	18	13	9	2	0	0
Scriabin	Scriabin_op8_Twelve Etudes - II.xml.csv	0	0	0	0	0	0	0	0	0	0	0	0	9	24	5	28	66	108	84	55	95	168	125	43	14	36	20	15	0	0	0	0	0	0	0
Scriabin	Scriabin_op8_Twelve Etudes - III.xml.csv	0	0	0	0	0	0	0	0	0	0	0	0	15	16	0	12	197	313	163	180	408	390	180	30	28	56	79	17	4	0	0	0	0	0	0
Scriabin	Scriabin_op8_Twelve Etudes - IV.xml.csv	0	0	0	0	0	0	0	0	0	0	0	0	0	0	0	1	2	6	15	62	91	134	110	105	118	60	21	13	14	1	9	0	0	0	0
Scriabin	Scriabin_op8_Twelve Etudes - IX.xml.csv	0	0	0	0	0	0	0	25	23	38	80	158	161	125	104	130	100	79	142	381	319	204	395	595	404	163	8	45	71	68	16	0	0	0	0
Scriabin	Scriabin_op8_Twelve Etudes - V.xml.csv	0	0	0	0	0	0	0	0	0	0	0	0	0	0	0	8	0	57	132	216	280	181	168	243	150	48	24	10	11	3	0	0	0	0	0
Scriabin	Scriabin_op8_Twelve Etudes - VI.xml.csv	0	0	0	0	0	0	0	0	0	0	0	0	0	4	2	12	22	175	168	222	155	174	207	139	38	27	25	34	7	1	0	1	0	0	0
Scriabin	Scriabin_op8_Twelve Etudes - VII.xml.csv	0	0	0	0	0	6	20	0	44	122	287	98	79	280	345	115	36	7	131	50	20	6	24	4	10	0	4	4	0	0	0	0	0	0	0
Scriabin	Scriabin_op8_Twelve Etudes - VIII.xml.csv	0	0	0	0	0	3	9	31	32	73	113	169	216	146	96	131	79	26	33	24	18	8	7	0	4	0	0	0	0	0	0	0	0	0	0
Scriabin	Scriabin_op8_Twelve Etudes - X.xml.csv	0	0	0	0	14	29	41	26	57	213	397	267	88	162	269	190	77	31	92	102	34	2	0	0	0	0	0	0	0	0	0	0	0	0	0
Scriabin	Scriabin_op8_Twelve Etudes - XI.xml.csv	0	0	0	0	0	0	8	7	25	155	181	62	115	300	212	134	21	37	74	65	19	11	8	4	2	0	4	0	0	0	0	0	0	0	0
Scriabin	Scriabin_op8_Twelve Etudes - XII.xml.csv	0	0	0	0	0	0	0	0	0	0	0	0	0	5	0	3	35	32	57	134	433	304	125	305	455	290	127	5	8	65	13	0	0	0	0